{
  "model_name": "llama3-8B",
  "model_path": "/home/junjie_chen/models/llama3-8B",
  "perm_type": "None",
  "layer_results": {
    "layer_0": {
      "layer": 0,
      "num_samples": 100,
      "total_tokens": 3334,
      "global_statistics": {
        "total_error": {
          "min": 0.0,
          "max": 1.635986328125,
          "mean": 0.25642875865147624,
          "median": 1.4901161193847656e-08,
          "std": 0.4568884350902801,
          "percentiles": {
            "50": 1.4901161193847656e-08,
            "75": 0.0078125,
            "80": 0.912841796875,
            "85": 0.99169921875,
            "90": 1.053466796875,
            "95": 1.1632080078124998,
            "99": 1.330810546875,
            "99.5": 1.5422753906250009,
            "99.9": 1.5995332031250058
          }
        },
        "k_error": {
          "mean": 0.24638609558647812,
          "median": 0.0
        },
        "v_error": {
          "mean": 0.01004266306499816,
          "median": 0.0
        }
      }
    },
    "layer_16": {
      "layer": 16,
      "num_samples": 100,
      "total_tokens": 3334,
      "global_statistics": {
        "total_error": {
          "min": 0.0,
          "max": 143.75,
          "mean": 10.013897690432616,
          "median": 11.3203125,
          "std": 6.9172266503066275,
          "percentiles": {
            "50": 11.3203125,
            "75": 13.28125,
            "80": 13.834375000000001,
            "85": 14.500781249999996,
            "90": 15.542187500000004,
            "95": 17.292187499999997,
            "99": 22.970000000000027,
            "99.5": 27.095781250000044,
            "99.9": 53.96393750000624
          }
        },
        "k_error": {
          "mean": 7.970806375834208,
          "median": 8.96875
        },
        "v_error": {
          "mean": 2.0430913145984086,
          "median": 2.3125
        }
      }
    },
    "layer_31": {
      "layer": 31,
      "num_samples": 100,
      "total_tokens": 3334,
      "global_statistics": {
        "total_error": {
          "min": 0.0,
          "max": 66.75,
          "mean": 11.43881633829484,
          "median": 12.8125,
          "std": 6.646877704886122,
          "percentiles": {
            "50": 12.8125,
            "75": 14.6484375,
            "80": 15.3125,
            "85": 16.21875,
            "90": 17.5625,
            "95": 20.167187499999997,
            "99": 27.27125000000001,
            "99.5": 30.000312500000007,
            "99.9": 41.897687500002064
          }
        },
        "k_error": {
          "mean": 7.333280218956209,
          "median": 8.1875
        },
        "v_error": {
          "mean": 4.105536119338632,
          "median": 4.59375
        }
      }
    }
  }
}