{
  "model_name": "llama3.2-3B",
  "model_path": "/home/junjie_chen/models/llama3.2-3B",
  "perm_type": "D",
  "layer_results": {
    "layer_0": {
      "layer": 0,
      "num_samples": 100,
      "total_tokens": 3334,
      "global_statistics": {
        "total_error": {
          "min": 0.0,
          "max": 0.0,
          "mean": 0.0,
          "median": 0.0,
          "std": 0.0,
          "percentiles": {
            "50": 0.0,
            "75": 0.0,
            "80": 0.0,
            "85": 0.0,
            "90": 0.0,
            "95": 0.0,
            "99": 0.0,
            "99.5": 0.0,
            "99.9": 0.0
          }
        },
        "k_error": {
          "mean": 0.0,
          "median": 0.0
        },
        "v_error": {
          "mean": 0.0,
          "median": 0.0
        }
      }
    },
    "layer_14": {
      "layer": 14,
      "num_samples": 100,
      "total_tokens": 3334,
      "global_statistics": {
        "total_error": {
          "min": 0.0,
          "max": 16.15625,
          "mean": 5.170405616142396,
          "median": 6.6953125,
          "std": 3.4944454135204865,
          "percentiles": {
            "50": 6.6953125,
            "75": 7.671875,
            "80": 7.890625,
            "85": 8.1953125,
            "90": 8.5078125,
            "95": 9.023828124999998,
            "99": 10.416718750000001,
            "99.5": 11.099140625000004,
            "99.9": 13.000046875000052
          }
        },
        "k_error": {
          "mean": 4.042920859187538,
          "median": 5.1875
        },
        "v_error": {
          "mean": 1.127484756954859,
          "median": 1.4609375
        }
      }
    },
    "layer_27": {
      "layer": 27,
      "num_samples": 100,
      "total_tokens": 3334,
      "global_statistics": {
        "total_error": {
          "min": 0.0,
          "max": 17.75,
          "mean": 5.365320197679214,
          "median": 6.78125,
          "std": 3.4578647211336153,
          "percentiles": {
            "50": 6.78125,
            "75": 7.62109375,
            "80": 7.828125,
            "85": 8.125,
            "90": 8.515625,
            "95": 9.15625,
            "99": 10.8125,
            "99.5": 12.0625,
            "99.9": 15.229406250000267
          }
        },
        "k_error": {
          "mean": 3.4980971090938064,
          "median": 4.40625
        },
        "v_error": {
          "mean": 1.867223088585408,
          "median": 2.328125
        }
      }
    }
  }
}