{
  "model_name": "qwen3-8B",
  "model_path": "/home/junjie_chen/models/qwen3-8B",
  "perm_type": "None",
  "layer_results": {
    "layer_0": {
      "layer": 0,
      "num_samples": 100,
      "total_tokens": 3359,
      "global_statistics": {
        "total_error": {
          "min": 0.0,
          "max": 7.2437744140625,
          "mean": 0.5827736821907026,
          "median": 0.0,
          "std": 1.081211709831196,
          "percentiles": {
            "50": 0.0,
            "75": 1.1158447265625,
            "80": 1.4705078125,
            "85": 1.9131469726562498,
            "90": 2.28759765625,
            "95": 3.0074462890625,
            "99": 4.08809326171875,
            "99.5": 4.688262939453126,
            "99.9": 5.344872802734392
          }
        },
        "k_error": {
          "mean": 0.5771046385377531,
          "median": 0.0
        },
        "v_error": {
          "mean": 0.0056690436529495255,
          "median": 0.0
        }
      }
    },
    "layer_18": {
      "layer": 18,
      "num_samples": 100,
      "total_tokens": 3359,
      "global_statistics": {
        "total_error": {
          "min": 0.0,
          "max": 248.0,
          "mean": 10.258149310853305,
          "median": 10.984375,
          "std": 9.948716317555776,
          "percentiles": {
            "50": 10.984375,
            "75": 12.9375,
            "80": 13.46875,
            "85": 14.09375,
            "90": 14.975000000000009,
            "95": 16.568749999999994,
            "99": 31.557500000000005,
            "99.5": 49.31687500000015,
            "99.9": 162.40125000001768
          }
        },
        "k_error": {
          "mean": 6.950056343498809,
          "median": 7.6875
        },
        "v_error": {
          "mean": 3.3080929673544954,
          "median": 3.109375
        }
      }
    },
    "layer_35": {
      "layer": 35,
      "num_samples": 100,
      "total_tokens": 3359,
      "global_statistics": {
        "total_error": {
          "min": 0.0,
          "max": 354.75,
          "mean": 25.754930201510867,
          "median": 26.71875,
          "std": 16.565212218497884,
          "percentiles": {
            "50": 26.71875,
            "75": 33.671875,
            "80": 35.6375,
            "85": 38.75,
            "90": 42.875,
            "95": 49.568749999999994,
            "99": 65.85500000000002,
            "99.5": 75.09500000000003,
            "99.9": 107.20850000000189
          }
        },
        "k_error": {
          "mean": 6.324147230388508,
          "median": 7.09375
        },
        "v_error": {
          "mean": 19.43078297112236,
          "median": 19.625
        }
      }
    }
  }
}