{
  "model_name": "llama3.2-1B",
  "model_path": "/home/junjie_chen/models/llama3.2-1B",
  "perm_type": "None",
  "layer_results": {
    "layer_0": {
      "layer": 0,
      "num_samples": 100,
      "total_tokens": 3334,
      "global_statistics": {
        "total_error": {
          "min": 0.0,
          "max": 1.005615234375,
          "mean": 0.20525124840757933,
          "median": 0.0,
          "std": 0.2694841888379471,
          "percentiles": {
            "50": 0.0,
            "75": 0.50390625,
            "80": 0.5294921875,
            "85": 0.557373046875,
            "90": 0.585693359375,
            "95": 0.636474609375,
            "99": 0.7493505859375,
            "99.5": 0.7976977539062502,
            "99.9": 0.843996826171878
          }
        },
        "k_error": {
          "mean": 0.1888884154618251,
          "median": 0.0
        },
        "v_error": {
          "mean": 0.016362832945754198,
          "median": 0.0
        }
      }
    },
    "layer_8": {
      "layer": 8,
      "num_samples": 100,
      "total_tokens": 3334,
      "global_statistics": {
        "total_error": {
          "min": 0.0,
          "max": 14.234375,
          "mean": 4.656990037861168,
          "median": 5.3125,
          "std": 2.4005449480069116,
          "percentiles": {
            "50": 5.3125,
            "75": 6.09375,
            "80": 6.3125,
            "85": 6.5625,
            "90": 6.921875,
            "95": 7.46875,
            "99": 8.945390625000002,
            "99.5": 9.536523437500001,
            "99.9": 11.6720546875002
          }
        },
        "k_error": {
          "mean": 3.8476747734573835,
          "median": 4.375
        },
        "v_error": {
          "mean": 0.8093152644037843,
          "median": 0.92578125
        }
      }
    },
    "layer_15": {
      "layer": 15,
      "num_samples": 100,
      "total_tokens": 3334,
      "global_statistics": {
        "total_error": {
          "min": 0.0,
          "max": 12.0,
          "mean": 4.7113400345917364,
          "median": 5.28125,
          "std": 2.252281873160234,
          "percentiles": {
            "50": 5.28125,
            "75": 6.0078125,
            "80": 6.1875,
            "85": 6.453125,
            "90": 6.763281250000002,
            "95": 7.271093749999999,
            "99": 8.396093750000006,
            "99.5": 8.843906250000003,
            "99.9": 10.521046875000238
          }
        },
        "k_error": {
          "mean": 3.191414888204038,
          "median": 3.5625
        },
        "v_error": {
          "mean": 1.5199251463876988,
          "median": 1.6875
        }
      }
    }
  }
}