{
  "model_name": "llama3-8B",
  "model_path": "/home/junjie_chen/models/llama3-8B",
  "perm_type": "D",
  "layer_results": {
    "layer_0": {
      "layer": 0,
      "num_samples": 100,
      "total_tokens": 3334,
      "global_statistics": {
        "total_error": {
          "min": 0.0,
          "max": 1.5086669921875,
          "mean": 0.23728680457158913,
          "median": 1.4901161193847656e-08,
          "std": 0.4223998224257707,
          "percentiles": {
            "50": 1.4901161193847656e-08,
            "75": 0.0078125,
            "80": 0.84931640625,
            "85": 0.917376708984375,
            "90": 0.9791015625000001,
            "95": 1.068988037109375,
            "99": 1.2360546875000011,
            "99.5": 1.4175137329101566,
            "99.9": 1.4930498046875087
          }
        },
        "k_error": {
          "mean": 0.22888764215216498,
          "median": 0.0
        },
        "v_error": {
          "mean": 0.00839916241942415,
          "median": 0.0
        }
      }
    },
    "layer_16": {
      "layer": 16,
      "num_samples": 100,
      "total_tokens": 3334,
      "global_statistics": {
        "total_error": {
          "min": 0.0,
          "max": 30.40625,
          "mean": 5.69343059793803,
          "median": 6.734375,
          "std": 3.2043377669184863,
          "percentiles": {
            "50": 6.734375,
            "75": 7.591796875,
            "80": 7.796875,
            "85": 8.0625,
            "90": 8.4921875,
            "95": 9.088671875,
            "99": 10.893359375000003,
            "99.5": 11.666796875000003,
            "99.9": 19.62200000000246
          }
        },
        "k_error": {
          "mean": 4.7214640690026055,
          "median": 5.5625
        },
        "v_error": {
          "mean": 0.9719665289354239,
          "median": 1.1484375
        }
      }
    },
    "layer_31": {
      "layer": 31,
      "num_samples": 100,
      "total_tokens": 3334,
      "global_statistics": {
        "total_error": {
          "min": 0.0,
          "max": 19.40625,
          "mean": 6.257457492876425,
          "median": 7.296875,
          "std": 3.334531592412022,
          "percentiles": {
            "50": 7.296875,
            "75": 8.0625,
            "80": 8.3125,
            "85": 8.640625,
            "90": 9.109375,
            "95": 9.974218749999999,
            "99": 12.031406250000003,
            "99.5": 13.020937500000002,
            "99.9": 16.60456250000044
          }
        },
        "k_error": {
          "mean": 4.270101839007198,
          "median": 4.96875
        },
        "v_error": {
          "mean": 1.987355653869226,
          "median": 2.328125
        }
      }
    }
  }
}