{
  "model_name": "llama3.2-3B",
  "model_path": "/home/junjie_chen/models/llama3.2-3B",
  "perm_type": "None",
  "layer_results": {
    "layer_0": {
      "layer": 0,
      "num_samples": 100,
      "total_tokens": 3334,
      "global_statistics": {
        "total_error": {
          "min": 0.0,
          "max": 0.0,
          "mean": 0.0,
          "median": 0.0,
          "std": 0.0,
          "percentiles": {
            "50": 0.0,
            "75": 0.0,
            "80": 0.0,
            "85": 0.0,
            "90": 0.0,
            "95": 0.0,
            "99": 0.0,
            "99.5": 0.0,
            "99.9": 0.0
          }
        },
        "k_error": {
          "mean": 0.0,
          "median": 0.0
        },
        "v_error": {
          "mean": 0.0,
          "median": 0.0
        }
      }
    },
    "layer_14": {
      "layer": 14,
      "num_samples": 100,
      "total_tokens": 3334,
      "global_statistics": {
        "total_error": {
          "min": 0.0,
          "max": 49.375,
          "mean": 9.277749943175428,
          "median": 11.46875,
          "std": 6.580576778793943,
          "percentiles": {
            "50": 11.46875,
            "75": 13.8125,
            "80": 14.443750000000001,
            "85": 15.125,
            "90": 16.09375,
            "95": 17.479687499999997,
            "99": 21.291875000000005,
            "99.5": 23.677343750000006,
            "99.9": 32.00040625000045
          }
        },
        "k_error": {
          "mean": 6.824871280626687,
          "median": 8.375
        },
        "v_error": {
          "mean": 2.4528786625487404,
          "median": 3.046875
        }
      }
    },
    "layer_27": {
      "layer": 27,
      "num_samples": 100,
      "total_tokens": 3334,
      "global_statistics": {
        "total_error": {
          "min": 0.0,
          "max": 43.875,
          "mean": 9.85332442788786,
          "median": 11.9375,
          "std": 6.723535437059058,
          "percentiles": {
            "50": 11.9375,
            "75": 13.90625,
            "80": 14.53125,
            "85": 15.25,
            "90": 16.1875,
            "95": 18.385937499999997,
            "99": 23.938125000000014,
            "99.5": 28.250625000000014,
            "99.9": 41.20900000000074
          }
        },
        "k_error": {
          "mean": 5.855629264772046,
          "median": 7.09375
        },
        "v_error": {
          "mean": 3.9976951631158144,
          "median": 4.8125
        }
      }
    }
  }
}