{
  "model_name": "llama3.2-1B",
  "model_path": "/home/junjie_chen/models/llama3.2-1B",
  "perm_type": "None",
  "layer_results": {
    "layer_0": {
      "layer": 0,
      "num_samples": 100,
      "total_tokens": 3334,
      "global_statistics": {
        "total_error": {
          "min": 0.0,
          "max": 1.076171875,
          "mean": 0.21335988058739336,
          "median": 0.0,
          "std": 0.2800898747076872,
          "percentiles": {
            "50": 0.0,
            "75": 0.5286865234375,
            "80": 0.5494140625,
            "85": 0.577392578125,
            "90": 0.607421875,
            "95": 0.6609985351562498,
            "99": 0.7941967773437502,
            "99.5": 0.830242919921875,
            "99.9": 0.8743508300781271
          }
        },
        "k_error": {
          "mean": 0.1949030328508473,
          "median": 0.0
        },
        "v_error": {
          "mean": 0.018456847736546038,
          "median": 0.0
        }
      }
    },
    "layer_8": {
      "layer": 8,
      "num_samples": 100,
      "total_tokens": 3334,
      "global_statistics": {
        "total_error": {
          "min": 0.0,
          "max": 28.0,
          "mean": 6.7143868608037085,
          "median": 7.4296875,
          "std": 3.7195367956873016,
          "percentiles": {
            "50": 7.4296875,
            "75": 8.802734375,
            "80": 9.140625,
            "85": 9.65625,
            "90": 10.354687500000004,
            "95": 11.53125,
            "99": 14.932343750000001,
            "99.5": 18.052265625000004,
            "99.9": 23.844250000000557
          }
        },
        "k_error": {
          "mean": 5.278050493357349,
          "median": 5.8125
        },
        "v_error": {
          "mean": 1.4363363674463594,
          "median": 1.5859375
        }
      }
    },
    "layer_15": {
      "layer": 15,
      "num_samples": 100,
      "total_tokens": 3334,
      "global_statistics": {
        "total_error": {
          "min": 0.0,
          "max": 22.4375,
          "mean": 6.7567349686664455,
          "median": 7.453125,
          "std": 3.36367707961912,
          "percentiles": {
            "50": 7.453125,
            "75": 8.60546875,
            "80": 8.9375,
            "85": 9.34375,
            "90": 9.921875,
            "95": 11.03125,
            "99": 13.583437500000002,
            "99.5": 14.270937500000002,
            "99.9": 18.08371875000043
          }
        },
        "k_error": {
          "mean": 4.237132206532364,
          "median": 4.625
        },
        "v_error": {
          "mean": 2.519602762134081,
          "median": 2.765625
        }
      }
    }
  }
}