{
  "model_name": "qwen3-8B",
  "model_path": "/home/junjie_chen/models/qwen3-8B",
  "perm_type": "None",
  "layer_results": {
    "layer_0": {
      "layer": 0,
      "num_samples": 100,
      "total_tokens": 3359,
      "global_statistics": {
        "total_error": {
          "min": 0.0,
          "max": 7.6219482421875,
          "mean": 0.6185352686584943,
          "median": 0.0,
          "std": 1.1410220039347416,
          "percentiles": {
            "50": 0.0,
            "75": 1.22967529296875,
            "80": 1.6129150390625,
            "85": 2.011572265625,
            "90": 2.41484375,
            "95": 3.1845947265625,
            "99": 4.308359375,
            "99.5": 4.878286132812502,
            "99.9": 5.546010742187509
          }
        },
        "k_error": {
          "mean": 0.612160877373716,
          "median": 0.0
        },
        "v_error": {
          "mean": 0.006374391284778195,
          "median": 0.0
        }
      }
    },
    "layer_18": {
      "layer": 18,
      "num_samples": 100,
      "total_tokens": 3359,
      "global_statistics": {
        "total_error": {
          "min": 0.0,
          "max": 329.5,
          "mean": 20.649722636189622,
          "median": 21.25,
          "std": 18.043259437008352,
          "percentiles": {
            "50": 21.25,
            "75": 27.03125,
            "80": 28.5625,
            "85": 30.4375,
            "90": 33.07500000000002,
            "95": 38.0,
            "99": 63.80250000000001,
            "99.5": 96.05250000000001,
            "99.9": 244.16700000000378
          }
        },
        "k_error": {
          "mean": 13.288147281557011,
          "median": 13.8125
        },
        "v_error": {
          "mean": 7.361575354632611,
          "median": 7.28125
        }
      }
    },
    "layer_35": {
      "layer": 35,
      "num_samples": 100,
      "total_tokens": 3359,
      "global_statistics": {
        "total_error": {
          "min": 0.0,
          "max": 1230.0,
          "mean": 59.58903086856207,
          "median": 59.4375,
          "std": 45.46718263168132,
          "percentiles": {
            "50": 59.4375,
            "75": 76.9375,
            "80": 82.625,
            "85": 91.26874999999998,
            "90": 103.35000000000005,
            "95": 124.875,
            "99": 182.76250000000005,
            "99.5": 205.96000000000004,
            "99.9": 356.998500000018
          }
        },
        "k_error": {
          "mean": 11.551220833953558,
          "median": 12.125
        },
        "v_error": {
          "mean": 48.03781003460851,
          "median": 47.0
        }
      }
    }
  }
}